<?xml version="1.0" encoding="UTF-8"?>
<GenRun Id="impl_1" LaunchPart="xc7a35tcpg236-1" LaunchTime="1715831924">
  <File Type="ROUTE-PWR" Name="FIR_Serial_power_routed.rpt"/>
  <File Type="PA-TCL" Name="FIR_Serial.tcl"/>
  <File Type="ROUTE-PWR-SUM" Name="FIR_Serial_power_summary_routed.pb"/>
  <File Type="REPORTS-TCL" Name="FIR_Serial_reports.tcl"/>
  <File Type="OPT-RQA-PB" Name="FIR_Serial_rqa_opted.pb"/>
  <File Type="BITSTR-MMI" Name="FIR_Serial.mmi"/>
  <File Type="OPT-METHODOLOGY-DRC" Name="FIR_Serial_methodology_drc_opted.rpt"/>
  <File Type="INIT-TIMING" Name="FIR_Serial_timing_summary_init.rpt"/>
  <File Type="OPT-TIMING" Name="FIR_Serial_timing_summary_opted.rpt"/>
  <File Type="OPT-DCP" Name="FIR_Serial_opt.dcp"/>
  <File Type="OPT-DRC" Name="FIR_Serial_drc_opted.rpt"/>
  <File Type="OPT-HWDEF" Name="FIR_Serial.hwdef"/>
  <File Type="PWROPT-DCP" Name="FIR_Serial_pwropt.dcp"/>
  <File Type="PWROPT-DRC" Name="FIR_Serial_drc_pwropted.rpt"/>
  <File Type="PWROPT-TIMING" Name="FIR_Serial_timing_summary_pwropted.rpt"/>
  <File Type="PLACE-DCP" Name="FIR_Serial_placed.dcp"/>
  <File Type="PLACE-IO" Name="FIR_Serial_io_placed.rpt"/>
  <File Type="PLACE-CLK" Name="FIR_Serial_clock_utilization_placed.rpt"/>
  <File Type="PLACE-UTIL" Name="FIR_Serial_utilization_placed.rpt"/>
  <File Type="PLACE-UTIL-PB" Name="FIR_Serial_utilization_placed.pb"/>
  <File Type="PLACE-CTRL" Name="FIR_Serial_control_sets_placed.rpt"/>
  <File Type="PLACE-SIMILARITY" Name="FIR_Serial_incremental_reuse_placed.rpt"/>
  <File Type="PLACE-PRE-SIMILARITY" Name="FIR_Serial_incremental_reuse_pre_placed.rpt"/>
  <File Type="BG-BIN" Name="FIR_Serial.bin"/>
  <File Type="PLACE-TIMING" Name="FIR_Serial_timing_summary_placed.rpt"/>
  <File Type="ROUTE-PWR-RPX" Name="FIR_Serial_power_routed.rpx"/>
  <File Type="PLACE-RQA-PB" Name="FIR_Serial_rqa_placed.pb"/>
  <File Type="POSTPLACE-PWROPT-DCP" Name="FIR_Serial_postplace_pwropt.dcp"/>
  <File Type="BITSTR-MSK" Name="FIR_Serial.msk"/>
  <File Type="POSTPLACE-PWROPT-TIMING" Name="FIR_Serial_timing_summary_postplace_pwropted.rpt"/>
  <File Type="PHYSOPT-DCP" Name="FIR_Serial_physopt.dcp"/>
  <File Type="PHYSOPT-DRC" Name="FIR_Serial_drc_physopted.rpt"/>
  <File Type="BITSTR-RBT" Name="FIR_Serial.rbt"/>
  <File Type="PHYSOPT-TIMING" Name="FIR_Serial_timing_summary_physopted.rpt"/>
  <File Type="ROUTE-ERROR-DCP" Name="FIR_Serial_routed_error.dcp"/>
  <File Type="ROUTE-DCP" Name="FIR_Serial_routed.dcp"/>
  <File Type="ROUTE-BLACKBOX-DCP" Name="FIR_Serial_routed_bb.dcp"/>
  <File Type="ROUTE-DRC" Name="FIR_Serial_drc_routed.rpt"/>
  <File Type="ROUTE-DRC-PB" Name="FIR_Serial_drc_routed.pb"/>
  <File Type="ROUTE-DRC-RPX" Name="FIR_Serial_drc_routed.rpx"/>
  <File Type="ROUTE-METHODOLOGY-DRC" Name="FIR_Serial_methodology_drc_routed.rpt"/>
  <File Type="ROUTE-METHODOLOGY-DRC-RPX" Name="FIR_Serial_methodology_drc_routed.rpx"/>
  <File Type="ROUTE-METHODOLOGY-DRC-PB" Name="FIR_Serial_methodology_drc_routed.pb"/>
  <File Type="ROUTE-RQS-PB" Name="FIR_Serial_rqs_routed.pb"/>
  <File Type="ROUTE-STATUS" Name="FIR_Serial_route_status.rpt"/>
  <File Type="ROUTE-STATUS-PB" Name="FIR_Serial_route_status.pb"/>
  <File Type="ROUTE-TIMINGSUMMARY" Name="FIR_Serial_timing_summary_routed.rpt"/>
  <File Type="ROUTE-TIMING-PB" Name="FIR_Serial_timing_summary_routed.pb"/>
  <File Type="ROUTE-TIMING-RPX" Name="FIR_Serial_timing_summary_routed.rpx"/>
  <File Type="ROUTE-SIMILARITY" Name="FIR_Serial_incremental_reuse_routed.rpt"/>
  <File Type="ROUTE-CLK" Name="FIR_Serial_clock_utilization_routed.rpt"/>
  <File Type="ROUTE-BUS-SKEW" Name="FIR_Serial_bus_skew_routed.rpt"/>
  <File Type="ROUTE-BUS-SKEW-PB" Name="FIR_Serial_bus_skew_routed.pb"/>
  <File Type="ROUTE-BUS-SKEW-RPX" Name="FIR_Serial_bus_skew_routed.rpx"/>
  <File Type="POSTROUTE-PHYSOPT-DCP" Name="FIR_Serial_postroute_physopt.dcp"/>
  <File Type="POSTROUTE-PHYSOPT-BLACKBOX-DCP" Name="FIR_Serial_postroute_physopt_bb.dcp"/>
  <File Type="POSTROUTE-PHYSOPT-TIMING" Name="FIR_DataBroadcast_timing_summary_postroute_physopted.rpt"/>
  <File Type="POSTROUTE-PHYSOPT-TIMING-PB" Name="FIR_DataBroadcast_timing_summary_postroute_physopted.pb"/>
  <File Type="POSTROUTE-PHYSOPT-TIMING-RPX" Name="FIR_DataBroadcast_timing_summary_postroute_physopted.rpx"/>
  <File Type="POSTROUTE-PHYSOPT-BUS-SKEW" Name="FIR_DataBroadcast_bus_skew_postroute_physopted.rpt"/>
  <File Type="BG-BIT" Name="FIR_Serial.bit"/>
  <File Type="POSTROUTE-PHYSOPT-BUS-SKEW-PB" Name="FIR_DataBroadcast_bus_skew_postroute_physopted.pb"/>
  <File Type="POSTROUTE-PHYSOPT-BUS-SKEW-RPX" Name="FIR_DataBroadcast_bus_skew_postroute_physopted.rpx"/>
  <File Type="BITSTR-NKY" Name="FIR_Serial.nky"/>
  <File Type="BITSTR-BMM" Name="FIR_Serial_bd.bmm"/>
  <File Type="PDI-FILE" Name="FIR_Serial.pdi"/>
  <File Type="BOOT-PDI-FILE" Name="FIR_Serial_boot.pdi"/>
  <File Type="PL-PDI-FILE" Name="FIR_Serial_pld.pdi"/>
  <File Type="RCFI_FILE" Name="FIR_Serial.rcfi"/>
  <File Type="CFI_FILE" Name="FIR_Serial.cfi"/>
  <File Type="RNPI_FILE" Name="FIR_Serial.rnpi"/>
  <File Type="NPI_FILE" Name="FIR_Serial.npi"/>
  <File Type="RBD_FILE" Name="FIR_Serial.rbd"/>
  <File Type="BITSTR-LTX" Name="debug_nets.ltx"/>
  <File Type="BITSTR-LTX" Name="FIR_Serial.ltx"/>
  <File Type="BITSTR-SYSDEF" Name="FIR_Serial.sysdef"/>
  <File Type="BG-BGN" Name="FIR_Serial.bgn"/>
  <File Type="BG-DRC" Name="FIR_Serial.drc"/>
  <File Type="RDI-RDI" Name="FIR_Serial.vdi"/>
  <File Type="WBT-USG" Name="usage_statistics_webtalk.html"/>
  <File Type="ROUTE-RQS" Name="FIR_Serial_routed.rqs"/>
  <File Type="POSTROUTE-PHYSOPT-RQS" Name="FIR_Serial_postroute_physopted.rqs"/>
  <File Type="ROUTE-RQS-RPT" Name="route_report_qor_suggestions_0.rpt"/>
  <File Type="POSTROUTE-PHYSOPT-RQS-RPT" Name="postroute_physopt_report_qor_suggestions_0.rpt"/>
  <FileSet Name="sources" Type="DesignSrcs" RelSrcDir="$PSRCDIR/sources_1" RelGenDir="$PGENDIR/sources_1">
    <Filter Type="Srcs"/>
    <File Path="$PSRCDIR/sources_1/new/FIR_Serial.v">
      <FileInfo>
        <Attr Name="UsedIn" Val="synthesis"/>
        <Attr Name="UsedIn" Val="implementation"/>
        <Attr Name="UsedIn" Val="simulation"/>
      </FileInfo>
    </File>
    <File Path="$PSRCDIR/sources_1/new/FIR_Broadcasting.v">
      <FileInfo>
        <Attr Name="AutoDisabled" Val="1"/>
        <Attr Name="UsedIn" Val="synthesis"/>
        <Attr Name="UsedIn" Val="implementation"/>
        <Attr Name="UsedIn" Val="simulation"/>
      </FileInfo>
    </File>
    <File Path="$PSRCDIR/sources_1/ip/Multadd_0/Multadd_0.xci">
      <FileInfo>
        <Attr Name="AutoDisabled" Val="1"/>
        <Attr Name="UsedIn" Val="synthesis"/>
        <Attr Name="UsedIn" Val="implementation"/>
        <Attr Name="UsedIn" Val="simulation"/>
      </FileInfo>
    </File>
    <Config>
      <Option Name="DesignMode" Val="RTL"/>
      <Option Name="TopModule" Val="FIR_Serial"/>
    </Config>
  </FileSet>
  <FileSet Name="constrs_in" Type="Constrs" RelSrcDir="$PSRCDIR/constrs_1" RelGenDir="$PGENDIR/constrs_1">
    <Filter Type="Constrs"/>
    <File Path="$PSRCDIR/constrs_1/new/const_1.xdc">
      <FileInfo>
        <Attr Name="UsedIn" Val="synthesis"/>
        <Attr Name="UsedIn" Val="implementation"/>
      </FileInfo>
    </File>
    <Config>
      <Option Name="TargetConstrsFile" Val="$PSRCDIR/constrs_1/new/const_1.xdc"/>
      <Option Name="ConstrsType" Val="XDC"/>
    </Config>
  </FileSet>
  <FileSet Name="utils" Type="Utils" RelSrcDir="$PSRCDIR/utils_1" RelGenDir="$PGENDIR/utils_1">
    <Filter Type="Utils"/>
    <File Path="$PSRCDIR/utils_1/imports/synth_1/FIR_DataBroadcast.dcp">
      <FileInfo>
        <Attr Name="UsedIn" Val="synthesis"/>
        <Attr Name="UsedIn" Val="implementation"/>
        <Attr Name="UsedInSteps" Val="synth_1"/>
        <Attr Name="AutoDcp" Val="1"/>
      </FileInfo>
    </File>
    <Config>
      <Option Name="TopAutoSet" Val="TRUE"/>
    </Config>
  </FileSet>
  <Strategy Version="1" Minor="2">
    <StratHandle Name="Vivado Implementation Defaults" Flow="Vivado Implementation 2023"/>
    <Step Id="init_design"/>
    <Step Id="opt_design"/>
    <Step Id="power_opt_design"/>
    <Step Id="place_design"/>
    <Step Id="post_place_power_opt_design"/>
    <Step Id="phys_opt_design"/>
    <Step Id="route_design"/>
    <Step Id="post_route_phys_opt_design"/>
    <Step Id="write_bitstream"/>
  </Strategy>
  <BlockFileSet Type="BlockSrcs" Name="xbip_multadd_0"/>
</GenRun>
